CA03191168,41C038
CA03191169,41C038
CA03191170,41C038
CA03191171,41C038
CA03191172,41C038
CA03191173,41C038
CA03191174,41C038
CA03191175,41C038
CA03191176,41C038
CA03191177,41C038
CA03191178,41C038
CA03191179,41C038
CA03191180,41C038
CA03191181,41C038
CA03191184,41C038
CA03191185,41C038
CA03191190,41C038
CA03191196,41C038
CA03191197,41C038
CA03191198,41C038
CA03191200,41C038
CA03191201,41C038
CA03191202,41C038
CA03191204,41C038
CA03191205,41C038
CA03191206,41C038
CA03191207,41C038
CA03191208,41C038
CA03191209,41C038
CA03191999,41C038
CA03192000,41C038
CA03192001,41C038
CA03192002,41C038
CA03192003,41C038
CA03192004,41C038
CA03192005,41C038
CA03192010,41C038
CA03192011,41C038
CA03192012,41C038
CA03192013,41C038
CA03192014,41C038
CA03192015,41C038
CA03192016,41C038
CA03192017,41C038
CA03192018,41C038
CA03192019,41C038
CA03192020,41C038
CA03192021,41C038
CA03192022,41C038
CA03192023,41C038
CA03192024,41C038
CA03192029,41C038
CA03192030,41C038
CA03192031,41C038
CA03192032,41C038
CA03192040,41C038
CA03192041,41C038
CA03192042,41C038
CA03192043,41C038
CA03192044,41C038
CA03192045,41C038
CA03192046,41C038
CA03192047,41C038
CA03192048,41C038
CA03192049,41C038
CA03192050,41C038
CA03192051,41C038
CA03192052,41C038
CA03192053,41C038
CA03192054,41C038
CA03192055,41C038
CA03192056,41C038
CA03192057,41C038
CA03192058,41C038
CA03192059,41C038
CA03192060,41C038
CA03192061,41C038
CA03192062,41C038
CA03192063,41C038
CA03192064,41C038
CA03192065,41C038
CA03192066,41C038
CA03192913,41C038
CA03192914,41C038
CA03192915,41C038
CA03192916,41C038
CA03192917,41C038
CA03192918,41C038
CA03192919,41C038
CA03192920,41C038
CA03192921,41C038
CA03192922,41C038
CA03192923,41C038
CA03192924,41C038
CA03192925,41C038
CA03192926,41C038
CA03192927,41C038
CA03192928,41C038
CA03192929,41C038
CA03192930,41C038
CA03192931,41C038
CA03192932,41C038
CA03192933,41C038
CA03192934,41C038
CA03192935,41C038
CA03192936,41C038
CA03192937,41C038
CA03192938,41C038
CA03192939,41C038
CA03192940,41C038
CA03192941,41C038
CA03192942,41C038
CA03192943,41C038
CA03192944,41C038
CA03192945,41C038
CA03192946,41C038
CA03192947,41C038
CA03192948,41C038
CA03192949,41C038
CA03192950,41C038
CA03192983,41C038
CA03192984,41C038
CA03192985,41C038
CA03193217,41C038
CA03193219,41C038
CA03193220,41C038
CA03193221,41C038
CA03193222,41C038
CA03193223,41C038
CA03193224,41C038
CA03193225,41C038
CA03193226,41C038
CA03193227,41C038
CA03193228,41C038
CA03193229,41C038
CA03193230,41C038
CA03193231,41C038
CA03193232,41C038
CA03193233,41C038
CA03193234,41C038
CA03193235,41C038
CA03193236,41C038
CA03193237,41C038
CA03193238,41C038
CA03193239,41C038
CA03193240,41C038
CA03193241,41C038
CA03193242,41C038
CA03193243,41C038
CA03193244,41C038
CA03193245,41C038
CA03193246,41C038
CA03193247,41C038
CA03193248,41C038
CA03193249,41C038
CA03193250,41C038
CA03193251,41C038
CA03193252,41C038
CA03193253,41C038
CA03193254,41C038
CA03193255,41C038
CA03193256,41C038
CA03193257,41C038
CA03193258,41C038
CA03193259,41C038
CA03193260,41C038
CA03193261,41C038
CA03193262,41C038
CA03193263,41C038
CA03195358,41C038
CA03195679,41C038
CA03195680,41C038
CA03195681,41C038
CA03195682,41C038
CA03195683,41C038
CA03195684,41C038
CA03195685,41C038
CA03195686,41C038
CA03195687,41C038
CA03195688,41C038
CA03195689,41C038
CA03195690,41C038
CA03195691,41C038
CA03195692,41C038
CA03195693,41C038
CA03195694,41C038
CA03195695,41C038
CA03195696,41C038
CA03195697,41C038
CA03195698,41C038
CA03195699,41C038
CA03195700,41C038
CA03195701,41C038
CA03197068,41C038
CA03197070,41C038
CA03197071,41C038
CA03197072,41C038
CA03197073,41C038
CA03197074,41C038
CA03197075,41C038
CA03197076,41C038
CA03197078,41C038
CA03197079,41C038
CA03197094,41C038
CA03197095,41C038
CA03197096,41C038
CD02301703,41C038
CD02301704,41C038
CD02301705,41C038
CD02301706,41C038
CD02301707,41C038
